email,first_name,last_name,city,state,zip
smehaffey0@creativecommons.org,Reiko,Moniker,Boston,MA,2119
dbateman1@hao12@.com,Gerek,Doohan,Atlanta,GA,31196
bbenham2@xrea.com,Polly,Harcourt,Portland,ME,4109
mwison@@g.co,Gianna,Book,Green Bay,WI,54305
jagostini4@wordpress.org,Arney,Giriardelli,Cincinnati,OH,45999
kbridgnell5@webnode.com,Gilli,Kesley,Newport Beach,CA,92662
abotham6@usda.gov,Hilary,Treeby,Long Beach,CA,90847
szeal7@pinterest.com,Sarina,Balden,Des Moines,IA,50305
ikidby8@who.int,Fayre,Vallintine,Saint Cloud,MN,56398
jciccone9@hatena.ne.jp,Sonny,Knighton,Trenton,NJ,8603
njaeggia@microsoft.com,Roland,O'Corhane,San Antonio,TX,78245
sdesporteb@deviantart.com,Felisha,Kedwell,Peoria,IL,61605
kgoodbarc@blinklist.com,Jacob,Scriviner,Little Rock,AR,72204
ktrevethand@ca.gov,Raina,Gambell,Washington,DC,20520
clamswoode@yelp.com,Brennan,Frane,Frederick,MD,21705
brisbridgef@constantcontact.com,Kassia,Highway,Cincinnati,OH,45296
nsanchizg@nih.gov,Alvina,Emmitt,Washington,DC,20546
plovelessh@unicef.org,Consuelo,Nutt,San Francisco,CA,94159
dnoyei@ft.com,Merl,Brownlee,Nashville,TN,37215
khowlingj@reuters.com,Gifford,Twelves,Jamaica,NY,11447
dquinetk@51.la,Lucine,Abramowitz,Phoenix,AZ,85099
nmorchl@arizona.edu,Marcello,Micklem,Southfield,MI,48076
estoodleym@liveinternet.ru,Manya,Bourbon,Midland,TX,79710
sstaresn@shutterfly.com,Bibby,Kitchinghan,Memphis,TN,38104
snettleo@biblegateway.com,Any,Plant,Spartanburg,SC,29319
hlennardep@zimbio.com,Hadlee,Catton,Denver,CO,80270
ptignerq@dailymotion.com,Belia,Stell,Lake Worth,FL,33467
troser@ft.com,Guntar,Hannond,Muskegon,MI,49444
vturks@hugedomains.com,Roderic,Ridsdole,Toledo,OH,43610
mcoultasst@goo.gl,Romonda,Clinnick,Grand Rapids,MI,49510
inajerau@nsw.gov.au,Waylan,Pine,Knoxville,TN,37914
osandlandv@irs.gov,Bliss,Hopfer,Alhambra,CA,91841
llyfieldw@symantec.com,Cherrita,Lambourne,Flushing,NY,11388
prydeardx@about.com,Lanette,Haylett,Largo,FL,33777
gthalmanny@gmpg.org,Eleonore,Bompass,Elizabeth,NJ,7208
mantoschz@12@-reg.co.uk,Win,Vannuccini,Norfolk,VA,23514
aallsup10@opensource.org,Darsey,O'Monahan,Saint Paul,MN,55115
mollin11@prnewswire.com,North,Caspell,Lexington,KY,40510
epresser12@globo.com,Ruthie,Critch,Augusta,GA,30919
scoddrington1@@printfriendly.com,Bartlett,Abramin,Alexandria,VA,22301
jyakebovich14@purevolume.com,Lorianna,Gronow,Naples,FL,34114
dtweede15@marriott.com,Clare,Platts,Seattle,WA,98109
cworstall16@e-recht24.de,Halie,Avraham,Sacramento,CA,95828
bccomini17@archive.org,Kalil,Grinter,Raleigh,NC,27621
aspinelli18@imdb.com,Tiffany,Batsford,Greensboro,NC,27425
ksneath19@instagram.com,Ingamar,Swatton,Dallas,TX,75226
lbellworthy1a@goo.gl,Sile,Nijs,Lexington,KY,40515
sspong1b@irs.gov,Candida,Flounders,Monticello,MN,55565
dgotthardsf1c@blogspot.com,Salvatore,Gladstone,Huntington,WV,25716
canstee1d@unicef.org,Damita,O'Fergus,Hialeah,FL,33013
awarrick1e@who.int,Starlin,Doale,Des Moines,IA,50315
bsmeath1f@cargocollective.com,Dolli,Heaslip,Miami,FL,33153
jwisedale1g@blinklist.com,Dugald,Denniss,South Bend,IN,46620
lgoodbur1h@posterous.com,Cristal,MacDermand,Dayton,OH,45440
amunden1i@prlog.org,Tris,Albrighton,Huntsville,AL,35815
sblackesland1j@engadget.com,Agna,Tuttiett,Washington,DC,20051
roxer1k@t-online.de,Basia,Gebby,Kissimmee,FL,34745
ldominelli1l@dropbox.com,Liane,Leathley,Sioux Falls,SD,57198
kdron1m@marketwatch.com,Libbi,Chalk,Oklahoma City,OK,73190
rdonati1n@ycombinator.com,Marsha,Hush,New York City,NY,10125
fmcgahy1o@wikimedia.org,Janaye,Chaulk,Ventura,CA,93005
thuie1p@topsy.com,Cissy,Chicchelli,Bakersfield,CA,93386
lsayes1q@w@.org,Archibald,Woodroffe,Madison,WI,53790
bdrummond1r@auda.org.au,Sibeal,Birds,Philadelphia,PA,19146
iadshed1s@mtv.com,Alisha,Pallister,Anaheim,CA,92812
efritschel1t@yellowbook.com,Roseann,Ros,Glendale,CA,91210
rbartzen1u@tamu.edu,Corbin,Alderman,Fort Pierce,FL,34981
ckarim1v@harvard.edu,Jasmina,Powis,Washington,DC,20057
ddahlbom1w@umich.edu,Merci,Quick,Maple Plain,MN,55579
fclemenson1x@wikispaces.com,Mirella,Govini,Birmingham,AL,35236
abuncher1y@alexa.com,Easter,Capun,New York City,NY,10249
sputton1z@ed.gov,Byran,Allcroft,Laurel,MD,20709
ddeverale20@nifty.com,Carmita,Stannion,Denver,CO,80262
dpetras21@macromedia.com,Huntley,Windmill,Garland,TX,75044
tmenhci22@spotify.com,Erena,Ommundsen,Omaha,NE,68124
esherwen2@@smh.com.au,Aland,Wolfer,Rochester,NY,14614
mmackain24@hostgator.com,Allen,Malling,Monticello,MN,55585
rsandercock25@hatena.ne.jp,Rogers,Ivey,Syracuse,NY,13205
hcrawcour26@ocn.ne.jp,Carrissa,Quinnelly,Waterloo,IA,50706
kmatovic27@prnewswire.com,Eveline,Fatkin,Phoenix,AZ,85005
sfurmonger28@abc.net.au,Jorrie,Lawranson,Rochester,NY,14604
scheeld29@cornell.edu,Ailee,Rathborne,Kingsport,TN,37665
kfurzey2a@github.com,Lucinda,Jamary,Nashville,TN,37205
alambole2b@51.la,Lorena,Struttman,Atlanta,GA,30386
abaggalley2c@google.ca,Wallis,Fyndon,North Las Vegas,NV,89036
nlockett2d@paypal.com,Natasha,Briatt,Toledo,OH,43635
pdemaid2e@nih.gov,Tessy,Adamo,Birmingham,AL,35220
yselbie2f@mit.edu,Feliza,Rove,Pueblo,CO,81010
schaperlin2g@foxnews.com,Gizela,Radbourne,Modesto,CA,95354
skrink2h@columbia.edu,Malva,Pallis,Jacksonville,FL,32244
stoleman2i@usa.gov,Jodie,Luscombe,Texarkana,TX,75507
smcveighty2j@ft.com,Terence,Hyder,Miami,FL,33129
mcruikshanks2k@japanpost.jp,Teodor,Jerdan,Monticello,MN,55590
mwagge2l@illinois.edu,Lotty,Hounson,Bakersfield,CA,93399
bcoomes2m@cdbaby.com,Sher,Stonbridge,Salt Lake City,UT,84130
lbydaway2n@uol.com.br,Sutherlan,Feveryear,Birmingham,AL,35242
dashdown2o@technorati.com,Pattie,Wragge,Jersey City,NJ,7310
cpeplay2p@woothemes.com,Erminia,Sturm,Cleveland,OH,44185
dfaloon2q@google.es,Arleta,Bosward,Omaha,NE,68105
jbeuscher2r@yellowbook.com,Ddene,Probate,Warren,OH,44485
abenedicte2s@chicagotribune.com,Graham,Rase,New York City,NY,10150
clamie2t@so-net.ne.jp,Audrye,Bromehead,Indianapolis,IN,46266
tderrico2u@mozilla.com,Jonathon,Caulton,Winston Salem,NC,27157
tmunt2v@harvard.edu,Merrel,Hardwidge,Staten Island,NY,10310
bpauly2w@sun.com,Demott,Stockle,Arlington,VA,22234
jbuten2x@freewebs.com,Luke,Reoch,Springfield,IL,62723
rdanzelman2y@bigcartel.com,Evelyn,Rallings,Gilbert,AZ,85297
wbartram2z@e-recht24.de,Aubine,Eskriett,Harrisburg,PA,17140
jdamrell@0@google.pl,Cindy,Kolinsky,Mobile,AL,36605
rraoux@1@bbc.co.uk,Cos,Birkmyr,Bronx,NY,10459
csainz@2@amazon.co.jp,Roxanne,Enden,Scottsdale,AZ,85271
dvere@@@ibm.com,Loella,Fentem,Springfield,IL,62711
cnucci@4@ucsd.edu,Jackie,Kennett,El Paso,TX,88541
fdabbs@5@nature.com,Amerigo,Babidge,Salem,OR,97312
fgarrique@6@youtu.be,Burl,Theze,Washington,DC,20226
gakrigg@7@marketwatch.com,Vanni,Halegarth,San Angelo,TX,76905
sheskey@8@ucla.edu,Corbett,Rossi,Waterbury,CT,6726
rbaumann@9@amazon.com,Merci,Oxtoby,Maple Plain,MN,55579
atoy@a@unicef.org,Maurise,Thurston,Lexington,KY,40546
agreenfield@b@histats.com,Georgianna,Klossmann,New York City,NY,10155
amccafferky@c@twitter.com,Riccardo,O'Cooney,Waterbury,CT,6721
cdiruggiero@d@yellowpages.com,Rosina,Rathmell,Bryan,TX,77806
mkornousek@e@livejournal.com,Noland,Clarke,Wilmington,DE,19886
viannazzi@f@cbsnews.com,Lawrence,Speers,Olympia,WA,98516
rvowels@g@cisco.com,Celestina,Schimke,Idaho Falls,ID,83405
jjezzard@h@zimbio.com,Gregorius,Fonzone,Charleston,SC,29416
kmohammad@i@tinypic.com,Loralee,Raulin,Lafayette,LA,70505
dgiacobbinijacob@j@tinyurl.com,Rosabella,Karlsson,Orlando,FL,32813
sskeggs@k@unesco.org,Velma,Hancox,Tampa,FL,33686
ddellow@l@umich.edu,Sephira,Licquorish,San Francisco,CA,94110
cclawe@m@barnesandnoble.com,Kaila,Eckh,Pasadena,CA,91125
bkingswoode@n@samsung.com,Xena,Reeme,Phoenix,AZ,85072
kucceli@o@seattletimes.com,Luce,Petheridge,Raleigh,NC,27658
vjiroudek@p@cbc.ca,Mab,Heaselgrave,Ocala,FL,34479
pfishpoole@q@prweb.com,Sandor,McGann,Saint Paul,MN,55166
tyurocjkin@r@ow.ly,Ivie,Alvey,Boston,MA,2119
mhapke@s@gov.uk,Maximilien,Testro,Baton Rouge,LA,70826
bhogbin@t@apache.org,Catrina,Bennie,Bloomington,IN,47405
gmarlor@u@ucoz.ru,Neala,Aylmore,Miami,FL,33245
pgarr@v@people.com.cn,Analiese,Clayton,Albuquerque,NM,87115
mconklin@w@microsoft.com,Jabez,Ridley,Boise,ID,83711
sshingfield@x@sina.com.cn,Kylen,Mc Caughan,Pittsburgh,PA,15274
iscammonden@y@istockphoto.com,Rozamond,Boog,Des Moines,IA,50393
sclericoates@z@ftc.gov,Phillis,Teliga,Nashville,TN,37210
rfirsby40@arizona.edu,Jobie,Hourahan,Long Beach,CA,90810
dculy41@samsung.com,Gilbertina,L'Hommee,Washington,DC,20397
rsultana42@ibm.com,Genni,Aikenhead,Houston,TX,77271
lquestier4@@php.net,Moises,Smithyman,Fort Worth,TX,76134
rantonomolii44@dailymail.co.uk,Jeni,McCard,Washington,DC,20392
ykingsford45@infoseek.co.jp,Orelia,Titchard,Brooklyn,NY,11236
jhavercroft46@google.com,Rosmunda,Aughton,Sacramento,CA,94257
dgumbley47@reddit.com,Fionnula,Kemmons,Washington,DC,20005
kburkin48@zdnet.com,Bibi,Baggally,Boca Raton,FL,33487
tbernetti49@biglobe.ne.jp,Nola,Rehm,Atlanta,GA,30386
abrownsea4a@intel.com,Cordelie,Hamblett,Washington,DC,20503
kbalk4b@biblegateway.com,Erhard,Junkinson,Lawrenceville,GA,30045
tzimmerman4c@washington.edu,Andras,Lelievre,Washington,DC,20430
bpenritt4d@hubpages.com,Merrie,Edgeson,Atlanta,GA,31119
dchristin4e@fema.gov,Min,Pariso,Inglewood,CA,90398
ilandall4f@cmu.edu,Ardis,L'Amie,Baton Rouge,LA,70810
edines4g@paypal.com,Ealasaid,Pitway,Washington,DC,20580
rwemyss4h@blogspot.com,Romola,Lumley,Pittsburgh,PA,15274
gwroath4i@hibu.com,Janaye,Couves,Philadelphia,PA,19120
mfairholme4j@google.ca,Lorilyn,McColl,Houston,TX,77095
croux4k@wikia.com,Vikki,Truitt,Tyler,TX,75705
dcurrom4l@indiatimes.com,Trev,D'Arrigo,Dayton,OH,45454
gramsden4m@angelfire.com,Reinwald,Greg,Lexington,KY,40586
fkitchingman4n@shop-pro.jp,Sonia,Kinleyside,Amarillo,TX,79159
darnefield4o@bizjournals.com,Huntington,Desaur,Cleveland,OH,44118
mlabrum4p@indiatimes.com,Lesli,Lavrinov,Peoria,IL,61635
tdafforne4q@omniture.com,Isak,Weatherup,Philadelphia,PA,19125
aemmines4r@wikimedia.org,Priscilla,Peschet,Roanoke,VA,24040
aguilbert4s@bing.com,Obadias,Perllman,Lancaster,CA,93584
kaylwin4t@zdnet.com,Oralia,Blockley,Cleveland,OH,44105
mconklin4u@about.com,Jdavie,Tuohy,Seattle,WA,98195
hrushbrook4v@soundcloud.com,Quintin,Featherbie,Kansas City,MO,64199
ryoude4w@google.fr,Carolynn,Jaynes,San Diego,CA,92165
kwomack4x@foxnews.com,Jillane,Besse,Santa Rosa,CA,95405
cguarin4y@aol.com,Sergent,Orritt,Springfield,MO,65810
wflynn4z@tuttocitta.it,Evanne,Sinncock,Watertown,MA,2472
hdunkersley50@go.com,Meriel,Dunlap,Atlanta,GA,30392
lstenhouse51@vinaora.com,Pancho,Coll,Ann Arbor,MI,48107
fzarfat52@noaa.gov,Tamma,Jubb,Colorado Springs,CO,80951
cstiffkins5@@theatlantic.com,Vevay,Thurske,Sioux City,IA,51110
nbeagin54@dailymotion.com,Elliot,Votier,Chattanooga,TN,37410
edoulden55@auda.org.au,Henry,Whates,Pinellas Park,FL,34665
snoorwood56@github.com,Rayner,Lightoller,Washington,DC,20404
cweblin57@businessinsider.com,Damiano,Batt,Naples,FL,34114
rmcparland58@independent.co.uk,Christie,McAlister,Odessa,TX,79769
kedinburough59@hibu.com,Base,Rosenbusch,Mobile,AL,36605
gdedham5a@hubpages.com,Julina,Furse,Newark,NJ,7112
jcowie5b@alibaba.com,Vincenz,Pentecost,South Bend,IN,46634
srehorek5c@ovh.net,Marji,Shipp,Amarillo,TX,79182
bsatyford5d@stumbleupon.com,Titus,Sigward,Fort Wayne,IN,46862
mhaste5e@booking.com,Evan,Duffell,Hialeah,FL,33018
fmcgunley5f@plala.or.jp,Kissiah,Hoggin,Van Nuys,CA,91499
kcheeld5g@google.de,Millie,Viggars,Laurel,MD,20709
jmollnar5h@a8.net,Shea,Stubbs,Visalia,CA,93291
czammett5i@google.es,Meggie,Gussie,Richmond,VA,23220
adivver5j@miibeian.gov.cn,Kendell,Humblestone,Honolulu,HI,96815
gcorgenvin5k@behance.net,Algernon,Hilbourne,Tucson,AZ,85720
dperulli5l@lulu.com,Payton,McGowran,San Francisco,CA,94132
bgrattan5m@jigsy.com,Garfield,Selcraig,New York City,NY,10039
tkohnen5n@wikia.com,Wat,Croker,Atlanta,GA,30343
mcleyne5o@oracle.com,Kit,Kearey,Loretto,MN,55598
jsharrock5p@ovh.net,Janina,Fyndon,Bakersfield,CA,93381
zsaffen5q@sogou.com,Nike,Lermouth,Columbus,GA,31904
jbillany5r@wordpress.org,Danit,Mathelon,Cleveland,OH,44118
mcuppitt5s@nba.com,Bobinette,Comberbeach,Las Vegas,NV,89150
yhune5t@a8.net,My,Rosenthaler,Rochester,NY,14619
rtuddenham5u@spotify.com,Jewel,Trynor,Portland,OR,97229
zgalilee5v@ovh.net,Gerladina,Brockley,Bakersfield,CA,93311
ghylden5w@google.it,Elinor,Guitonneau,Rochester,MN,55905
aschneider5x@yahoo.co.jp,Ric,Frantzen,Chicago,IL,60636
gcutsforth5y@livejournal.com,Charleen,Blatcher,Milwaukee,WI,53215
rgenn5z@icq.com,Helge,Rosewell,Las Vegas,NV,89130
awareing60@jiathis.com,Michelle,Penrose,Charlotte,NC,28256
jwalas61@umich.edu,Derril,Ferrettino,Lehigh Acres,FL,33972
rtwentyman62@umich.edu,Sergeant,Sambath,Longview,TX,75605
mtorbeck6@@creativecommons.org,Natala,Gibbett,Honolulu,HI,96845
bkerrane64@behance.net,Carny,Queyos,Houston,TX,77240
mchamperlen65@upenn.edu,Avie,Grouvel,Long Beach,CA,90840
maaronson66@bbb.org,Lory,Bare,Birmingham,AL,35254
pharcombe67@artisteer.com,Corella,Orbine,Washington,DC,20036
tloseke68@wix.com,Valina,Croxford,Kansas City,MO,64149
cscapelhorn69@alibaba.com,Norbert,Pawellek,Cincinnati,OH,45208
dfiorentino6a@mozilla.org,Homer,Linzee,Sioux Falls,SD,57193
idawkins6b@histats.com,Lindsey,Heineken,North Little Rock,AR,72118
zmessage6c@arstechnica.com,Hester,Gurley,Dallas,TX,75358
ksellan6d@exblog.jp,Isidoro,Wareing,Saint Cloud,MN,56398
cfairfull6e@boston.com,Noe,Digwood,Jacksonville,FL,32220
coxburgh6f@shutterfly.com,Riccardo,Pettwood,New York City,NY,10009
valeksandrov6g@gnu.org,Waly,Hillam,Atlanta,GA,30380
bashworth6h@constantcontact.com,Pepita,Lethibridge,Memphis,TN,38131
wsanham6i@people.com.cn,Florie,Seaborne,Albany,NY,12227
cbinford6j@bing.com,Putnem,Harly,Baton Rouge,LA,70810
djewel6k@gmpg.org,Ax,Eidelman,New York City,NY,10014
ksilby6l@hostgator.com,Elli,Lansdown,Bellevue,WA,98008
elesly6m@craigslist.org,Cori,Ritch,Austin,TX,78764
dnoble6n@creativecommons.org,Loralee,Lawson,Pasadena,CA,91125
lwarner6o@vk.com,Alysia,Tyers,Philadelphia,PA,19160
jschapero6p@nydailynews.com,Rozelle,Boncore,Pittsburgh,PA,15261
ttomblett6q@hostgator.com,Tracey,Domengue,Baltimore,MD,21229
parboine6r@purevolume.com,Maisie,Braybrook,Albuquerque,NM,87105
rrose6s@unc.edu,Ronica,Bampkin,Chicago,IL,60697
agabby6t@fastcompany.com,Ignacius,Grzegorecki,Madison,WI,53790
pkeyse6u@dedecms.com,Marius,Carnow,Honolulu,HI,96820
lstear6v@state.tx.us,Dasya,Kelinge,Austin,TX,78715
cnield6w@paypal.com,Boot,Pail,Cincinnati,OH,45218
ksthill6x@soundcloud.com,Gaye,Anscombe,Oklahoma City,OK,73142
mbenford6y@google.pl,Merv,Petyanin,Bakersfield,CA,93305
jkingzett6z@irs.gov,Shelby,Lumb,Denver,CO,80223
bguilaem70@ed.gov,Madeline,Gookes,Houston,TX,77085
pmarmyon71@narod.ru,Clara,Haslock(e),Los Angeles,CA,90076
darmytage72@hao12@.com,Rasia,O'Donovan,Phoenix,AZ,85010
lcotton7@@opera.com,Glyn,Ethridge,Garland,TX,75049
rmaciak74@themeforest.net,Delano,Fenton,Bronx,NY,10474
dpenswick75@wired.com,Matthiew,Alberts,Honolulu,HI,96805
tfusedale76@cafepress.com,Veronica,Maddin,Greensboro,NC,27415
dmcfadden77@utexas.edu,Rhys,Rawsen,Richmond,VA,23285
eantrack78@nih.gov,Myrle,McBay,Knoxville,TN,37919
rbratten79@senate.gov,Sela,Hoston,Fort Wayne,IN,46852
lmilazzo7a@amazon.de,Mathian,Sitlington,Houston,TX,77276
kballingal7b@weebly.com,Franciska,Gerb,San Diego,CA,92132
feliot7c@eepurl.com,Biddy,Janowicz,Cincinnati,OH,45213
cconstanza7d@domainmarket.com,Sidnee,Arnaud,Saint Petersburg,FL,33715
ncornfield7e@fastcompany.com,Ulrica,Molnar,Fort Worth,TX,76115
cgladbeck7f@bbb.org,Si,Bambrugh,Little Rock,AR,72215
tblasius7g@stanford.edu,Darren,Eallis,Phoenix,AZ,85025
etwinterman7h@theatlantic.com,Ximenez,Dashkov,Fayetteville,NC,28314
adaniele7i@jiathis.com,Raffarty,McRinn,Hagerstown,MD,21747
hodam7j@qq.com,Brendis,Djurevic,Columbus,OH,43240
flanger7k@prlog.org,Emily,Rhoades,Wichita Falls,TX,76310
pscroxton7l@clickbank.net,Care,Benge,Minneapolis,MN,55402
jjamson7m@howstuffworks.com,Joycelin,Samme,Pensacola,FL,32575
schubb7n@comsenz.com,Courtenay,Brayford,Charlotte,NC,28299
bclaw7o@netscape.com,Liz,MacMurray,Austin,TX,78715
bskellern7p@yellowbook.com,Booth,Gelder,Anaheim,CA,92812
plewerenz7q@4shared.com,Alyce,Lemmers,Boston,MA,2163
cmattersey7r@tmall.com,Nathalie,Cud,Kansas City,MO,64199
rarnauduc7s@pbs.org,Emmerich,Juan,Minneapolis,MN,55417
mhands7t@aol.com,Kissiah,Boner,Utica,NY,13505
rmoncrieffe7u@google.ru,Valma,Dummigan,West Palm Beach,FL,33411
lbrewerton7v@linkedin.com,Nathalie,Walmsley,Peoria,IL,61635
kcuttell7w@time.com,Augusta,Wais,Frederick,MD,21705
mpersence7x@istockphoto.com,Dora,Montrose,New York City,NY,10170
moguz7y@e-recht24.de,Giralda,Ramstead,Santa Fe,NM,87592
mwharin7z@princeton.edu,Christiana,Joselevitz,Fort Myers,FL,33906
astather80@ebay.co.uk,Burk,Bale,Louisville,KY,40256
ymullender81@ask.com,Sonnnie,Jurick,Valdosta,GA,31605
mcline82@stanford.edu,Zared,Lodevick,Elizabeth,NJ,7208
crentz8@@dion.ne.jp,Alfie,Raiment,Naples,FL,34114
mgalia84@dmoz.org,Nollie,Dohr,Arlington,VA,22212
fbodicum85@utexas.edu,Evangeline,Kik,Dallas,TX,75367
gesposi86@fastcompany.com,Kinnie,Wardrop,Saint Petersburg,FL,33737
ndanser87@list-manage.com,Tallia,Goulder,Dallas,TX,75392
cscotland88@tmall.com,Mahalia,Fost,Oklahoma City,OK,73135
djenken89@craigslist.org,Julia,Siddaley,Chattanooga,TN,37405
mringsell8a@imageshack.us,Ivie,Luffman,Kansas City,KS,66105
bjanout8b@shareasale.com,Abbie,Custance,New Orleans,LA,70160
vheffron8c@mac.com,Engracia,Kitcherside,Herndon,VA,22070
mbyrnes8d@weebly.com,Brittan,Demcik,Oklahoma City,OK,73129
cgigg8e@unicef.org,Kanya,Morais,Dayton,OH,45432
fprobbing8f@tinyurl.com,Jeanne,Presland,Gainesville,GA,30506
zkopec8g@sbwire.com,Kylie,Depke,Albany,NY,12262
hgreenly8h@wsj.com,Shantee,Ipsly,Atlanta,GA,30356
lpastor8i@networksolutions.com,Cherrita,Menault,Denver,CO,80223
wrushe8j@independent.co.uk,Sib,McEntagart,Lexington,KY,40546
mmenichelli8k@miitbeian.gov.cn,Liam,Lackner,Houston,TX,77228
scusack8l@12@-reg.co.uk,Winni,Denne,Duluth,GA,30195
ooen8m@geocities.jp,Maurita,O'Caherny,Mobile,AL,36641
tgabbot8n@jalbum.net,Madella,Aronowitz,High Point,NC,27264
klapenna8o@noaa.gov,Tally,d'Arcy,Long Beach,CA,90831
mwaddington8p@imdb.com,Ansley,Pendrey,Orlando,FL,32819
jmckevitt8q@guardian.co.uk,Massimo,Steward,Miami,FL,33134
kbeccero8r@china.com.cn,Bernetta,Philipsohn,Little Rock,AR,72231
wlurner8s@webs.com,Brok,Dederick,Kansas City,MO,64125
hperkis8t@canalblog.com,Nolly,Morl,West Palm Beach,FL,33405
amacparland8u@wikimedia.org,Joya,Chartman,Palm Bay,FL,32909
chundley8v@last.fm,Lemar,Pellew,Oklahoma City,OK,73135
khuntington8w@alibaba.com,Denny,Louis,Saint Louis,MO,63126
okewzick8x@taobao.com,Harper,Steabler,Moreno Valley,CA,92555
alarge8y@go.com,Whittaker,Deinert,Atlanta,GA,30375
scann8z@indiatimes.com,Leanor,Pashen,Charleston,WV,25389
ddooman90@dion.ne.jp,Veda,Thickpenny,Reno,NV,89505
shurlestone91@whitehouse.gov,Constantine,Folkerd,Durham,NC,27717
dbernt92@wsj.com,Margret,Stitch,El Paso,TX,79989
gduddle9@@themeforest.net,Hillery,Knocker,Woburn,MA,1813
nmustard94@mtv.com,Tedman,King,Saint Louis,MO,63121
ktue95@blogger.com,Linnell,McCollum,Lansing,MI,48912
vkimber96@digg.com,Felicity,Ducrow,Fort Lauderdale,FL,33310
tstivani97@google.com.au,Fannie,Lennon,Bowie,MD,20719
bnewhouse98@oracle.com,Arch,Edmenson,Fort Worth,TX,76162
pdaens99@va.gov,Brooks,Aireton,Homestead,FL,33034
amuzzall9a@nih.gov,Kirk,Liddyard,Phoenix,AZ,85020
lturbitt9b@biglobe.ne.jp,Parker,Kersting,Lees Summit,MO,64082
vallsup9c@msn.com,Melonie,Gallihawk,Topeka,KS,66622
mwressell9d@friendfeed.com,Paulie,Staines,Las Vegas,NV,89125
aoshea9e@intel.com,Laurice,Holworth,Muskegon,MI,49444
sphilimore9f@ox.ac.uk,Ruddy,Vlasyev,Albuquerque,NM,87110
mbutrimovich9g@g.co,Maria,McManus,Knoxville,TN,37939
jhodgets9h@dropbox.com,Merell,Sorrill,Aurora,CO,80015
mpedri9i@bbb.org,Elfreda,Dilleway,Atlanta,GA,30368
eboles9j@samsung.com,Kerwinn,Glazzard,Providence,RI,2912
ctregent9k@usa.gov,Jo-ann,Brothers,San Francisco,CA,94169
ltagg9l@harvard.edu,Karmen,Shere,Richmond,VA,23213
lcharette9m@google.ru,Veda,Holdforth,Frankfort,KY,40618
glavell9n@last.fm,Gael,Druhan,Wilkes Barre,PA,18706
gspilisy9o@wiley.com,Deena,Blankenship,Huntington,WV,25721
fmeasham9p@answers.com,Bekki,Skone,Washington,DC,20005
cgravell9q@jalbum.net,Bella,Placstone,Miami,FL,33283
tanthony9r@zdnet.com,Jenelle,Dorcey,Mesa,AZ,85210
bmeacher9s@illinois.edu,Everett,Redholes,Wilmington,DE,19805
kmattinson9t@spiegel.de,Sunny,Scutter,Brooklyn,NY,11205
dscoone9u@technorati.com,Demetria,Gravestone,Bloomington,IN,47405
crickhuss9v@1und1.de,Daryl,Kempston,Fairbanks,AK,99790
kbrazier9w@sohu.com,Kalli,Jewks,Charlotte,NC,28278
ccole9x@home.pl,Samson,Hucknall,Fort Worth,TX,76115
ftaffe9y@cargocollective.com,Domingo,Wankel,Houston,TX,77075
yerswell9z@flickr.com,Dalis,Wisbey,Huntsville,AL,35815
spiddlesdena0@shareasale.com,Hartley,Locksley,Battle Creek,MI,49018
mbaldreya1@sbwire.com,Dane,Kubach,Chesapeake,VA,23324
wgrimma2@yellowbook.com,Babette,Hollyman,Reston,VA,22096
aswadlena@@ox.ac.uk,Hewie,Breacher,Arlington,TX,76004
bburchella4@nba.com,Suzie,Skipsea,Juneau,AK,99812
keldridgea5@theglobeandmail.com,Karlan,Bresner,Raleigh,NC,27615
lshipcotta6@gravatar.com,Albert,Gladdis,Newton,MA,2162
rfraschinia7@eepurl.com,Marys,Feander,Davenport,IA,52809
jlecornua8@nature.com,Michele,Lovell,Houston,TX,77025
gprobettsa9@liveinternet.ru,Cecilio,Birdis,Indianapolis,IN,46216
ssedworthaa@tinypic.com,Rae,Lanfer,New Haven,CT,6538
gbalcockab@mediafire.com,Salomon,Probate,Honolulu,HI,96825
adessonac@issuu.com,Ricki,Polycote,Birmingham,AL,35220
adibblead@cam.ac.uk,Yvor,Follacaro,Boise,ID,83732
mfliegae@ibm.com,Rog,Swetmore,Amarillo,TX,79105
kmcveightyaf@sfgate.com,Denna,Aldren,Minneapolis,MN,55480
rmeeag@creativecommons.org,Robinson,Kitter,San Francisco,CA,94142
aworkesah@tripadvisor.com,Rod,Dowbakin,Worcester,MA,1654
rmordueai@slate.com,Roshelle,Tipton,Wilmington,DE,19886
dschustlaj@dropbox.com,Ileane,Dagger,Los Angeles,CA,90050
ssharpusak@dailymail.co.uk,Pietra,Manterfield,Detroit,MI,48295
adevonshireal@globo.com,Fredi,Boocock,Washington,DC,20535
lmarnaneam@newyorker.com,Ichabod,Gravenell,San Diego,CA,92160
uoverilan@storify.com,Gale,Huccaby,Sandy,UT,84093
greinersao@nationalgeographic.com,Reiko,Muggleston,Baton Rouge,LA,70894
ohandap@tamu.edu,Avram,Parkhouse,Birmingham,AL,35205
gpastoraq@globo.com,Tracy,Mowling,Wichita,KS,67236
screserar@taobao.com,Irma,Dallyn,Greensboro,NC,27409
rmaceras@buzzfeed.com,Marge,Yezafovich,Billings,MT,59105
bbiltonat@bbb.org,Brandy,Stack,Idaho Falls,ID,83405
hkeverenau@gravatar.com,Shelbi,Piolli,Anchorage,AK,99522
kspelsburyav@example.com,Johnette,Greeson,White Plains,NY,10606
brodrigaw@github.io,Ario,McGourty,Glendale,CA,91205
mspadolliniax@nyu.edu,Minetta,Stevenson,Redwood City,CA,94064
lmoteay@pcworld.com,Kleon,Vasyunin,Pittsburgh,PA,15230
hgriniovaz@facebook.com,Meriel,Lee,Washington,DC,20210
lblaschekb0@boston.com,Carlina,Ipsley,Brockton,MA,2305
adentb1@shareasale.com,Bram,McPheat,Kansas City,MO,64179
dtomeob2@tinyurl.com,Ahmad,Darker,Houston,TX,77045
tzolinib@@odnoklassniki.ru,Akim,Wickham,San Angelo,TX,76905
jpringb4@cdc.gov,Alys,Pennaman,Tucson,AZ,85737
gcrantonb5@npr.org,Smitty,Daviot,Minneapolis,MN,55441
veastmanb6@mayoclinic.com,Katuscha,Boniface,Orlando,FL,32859
cmoyserb7@flavors.me,Hinda,Leggan,Saint Paul,MN,55115
goreaganb8@e-recht24.de,Mariya,Guerrin,Huntington,WV,25770
omcgriffinb9@census.gov,Normy,Royle,New York City,NY,10249
aronaghanba@cocolog-nifty.com,Ashia,Maslen,Peoria,IL,61640
adennessbb@ihg.com,Jana,Exton,Fort Wayne,IN,46852
cambridgebc@free.fr,Chrisse,Carslaw,Sacramento,CA,94245
rpullinbd@patch.com,Rachele,McPhelimey,Pittsburgh,PA,15225
kbischofbe@comsenz.com,Florrie,Wookey,Oklahoma City,OK,73197
skiddebf@nyu.edu,Hollyanne,Jancar,Saginaw,MI,48604
remnoneybg@google.nl,Kathy,Sprowell,Honolulu,HI,96825
bspillettbh@bloomberg.com,Galven,Jotham,Charlotte,NC,28225
aconnewbi@kickstarter.com,Minni,Eburah,Glendale,CA,91210
gchellenhambj@slate.com,Che,Aylmer,Detroit,MI,48295
dagneybk@tumblr.com,Gwyneth,Besque,Seattle,WA,98121
hmunrobl@paypal.com,Yalonda,Andras,New York City,NY,10019
bbeldonbm@vkontakte.ru,Brandea,Buckingham,Houston,TX,77212
hbohmanbn@cnbc.com,Mozelle,Colvine,New Orleans,LA,70187
jwrathallbo@blogspot.com,Cale,Bentzen,Brooklyn,NY,11210
ydowsonbp@adobe.com,Claudine,Stanlack,San Antonio,TX,78296
nscanesbq@ihg.com,Verene,Stansell,Norman,OK,73071
eburbankbr@mit.edu,Brucie,Barten,Denver,CO,80270
gcurgenvenbs@dropbox.com,Hamnet,Pessolt,Anaheim,CA,92805
zsauvagebt@amazonaws.com,Cindra,Challens,Tucson,AZ,85754
sridettbu@typepad.com,Nadiya,Kunzel,San Antonio,TX,78260
bdixeybv@networkadvertising.org,Rafaellle,Kassel,Boston,MA,2298
ekingtonbw@hugedomains.com,Anette,Dandie,Dallas,TX,75372
afuchsbx@wunderground.com,Joyan,Gladstone,Washington,DC,20226
dbaptisteby@mtv.com,Rivkah,Yerill,Waterbury,CT,6726
mbraidonbz@over-blog.com,Franciskus,Picardo,Colorado Springs,CO,80905
dcurriec0@pcworld.com,Zared,Trebilcock,Buffalo,NY,14276
rchoulesc1@ftc.gov,Felicle,Tayloe,Midland,TX,79705
phuskec2@sohu.com,Jackie,Durham,Grand Junction,CO,81505
bcuttingc@@opera.com,Erasmus,Polamontayne,Baltimore,MD,21216
mdowlec4@comsenz.com,Vivienne,Francklyn,San Antonio,TX,78215
jgrainc5@guardian.co.uk,Bartlett,Vasilchikov,Dallas,TX,75236
esabatesc6@phoca.cz,Cissiee,Maisey,Chicago,IL,60681
mskirvinc7@samsung.com,Stu,Gerling,Jersey City,NJ,7310
mstormsc8@github.com,Lesya,Sheasby,Metairie,LA,70033
yashforthc9@constantcontact.com,Kermit,Rackley,Boise,ID,83727
ahalbordca@stanford.edu,Tucky,Rosenwald,Los Angeles,CA,90189
ekilloughcb@shinystat.com,Lavena,Yakovlev,Fort Wayne,IN,46825
wwicksteadcc@ehow.com,Reube,Andrus,Bethesda,MD,20892
cnoonecd@bloglovin.com,Fransisco,Summerrell,Minneapolis,MN,55402
eemanuelovce@bandcamp.com,Rose,Aitken,Vienna,VA,22184
pellinorcf@github.io,Silvio,Wemyss,Reno,NV,89519
tstittlecg@taobao.com,Sande,Biagi,Bronx,NY,10454
mbuckseych@studiopress.com,Jaquenetta,Pryke,Laurel,MD,20709
sshearmeci@1688.com,Fidelia,Marzelo,Louisville,KY,40287
jmcgiffordcj@mail.ru,Madella,Joska,Des Moines,IA,50936
cjoburnck@irs.gov,Theresina,Ince,Palatine,IL,60078
zbarettecl@skype.com,Ortensia,Maryman,Providence,RI,2905
wpetruscm@businessweek.com,Maria,Mant,El Paso,TX,79934
mjansecn@t.co,Bennie,Bissill,New Orleans,LA,70154
hminogueco@forbes.com,Spike,Willshee,San Francisco,CA,94116
pmavincp@yolasite.com,Xerxes,Anglim,Los Angeles,CA,90045
emocquercq@16@.com,Pet,Muckley,Rochester,NY,14624
dfroggattcr@hugedomains.com,Leonard,Masterson,Jersey City,NJ,7305
ktroakecs@weibo.com,Hector,Pengilley,Tulsa,OK,74184
wshaperact@indiegogo.com,Rodd,Ridder,Vero Beach,FL,32964
ddaneletcu@pen.io,Phil,Birrel,Galveston,TX,77554
dorrettcv@diigo.com,Perri,Turney,Las Vegas,NV,89120
bskevingtoncw@privacy.gov.au,Christophorus,Broadway,Edmond,OK,73034
bspeechlycx@mozilla.org,Marlene,Ellicott,Schaumburg,IL,60193
kensercy@tmall.com,Sylvan,Quarrie,Las Vegas,NV,89105
minglesentcz@blogspot.com,Dru,Vacher,Chicago,IL,60641
bcawkerd0@soup.io,Danette,Gabbotts,Grand Junction,CO,81505
dlennarded1@nps.gov,Slade,Blitz,Pensacola,FL,32590
hmarshalld2@hp.com,Bernadine,Geck,Wilkes Barre,PA,18768
vchasterd@@typepad.com,Myrtia,Tromans,Tulsa,OK,74184
cszymczykd4@slate.com,Tod,Kerss,Saint Louis,MO,63131
mmillyardd5@technorati.com,Carlye,Drew-Clifton,Saint Louis,MO,63136
hleyfieldd6@unesco.org,Lon,Tinan,Lexington,KY,40546
hbramhamd7@squarespace.com,Corbet,Wilkerson,Portland,OR,97232
cbockmand8@icio.us,Hershel,Kalb,Lafayette,IN,47905
ttoplind9@eventbrite.com,Emylee,Dafydd,Raleigh,NC,27690
sashpoleda@cam.ac.uk,Jannel,Tilzey,Camden,NJ,8104
cpogosiandb@tuttocitta.it,Rhoda,Drummer,Palo Alto,CA,94302
krunacresdc@ezinearticles.com,Colene,Deyenhardt,Houston,TX,77201
tadneydd@prlog.org,Vi,Gundry,Anchorage,AK,99507
ugladdinde@netlog.com,Jerry,Drake,Corpus Christi,TX,78475
jhapkedf@hubpages.com,Michel,Arnaud,Concord,CA,94522
lsummerilldg@yahoo.co.jp,Kial,Fishwick,Vienna,VA,22184
eheberdh@lycos.com,Pip,Elverstone,Dayton,OH,45426
chayforddi@pinterest.com,Hamilton,Greetham,Torrance,CA,90505
kcrebbindj@purevolume.com,Dev,Maund,Amarillo,TX,79118
nturbittdk@google.com.au,Kris,Knowller,Elmira,NY,14905
dzannottidl@16@.com,Keeley,Philp,Fargo,ND,58122
tkernedm@prnewswire.com,Cayla,Keenan,Stamford,CT,6905
mearsmandn@tinyurl.com,Krystle,Bussy,Midland,TX,79710
mpartkyado@chicagotribune.com,Vasily,Jellings,Knoxville,TN,37924
rsoeirodp@auda.org.au,Jeanine,Wohler,Toledo,OH,43635
rchattendq@mysql.com,Justina,Bomfield,Indianapolis,IN,46207
gboastdr@guardian.co.uk,Alfons,Pendrey,Jacksonville,FL,32204
dmarchingtonds@nytimes.com,Ernst,Dickie,West Palm Beach,FL,33411
fhanlondt@wisc.edu,Fifine,Sherlock,Bronx,NY,10469
rwrenndu@geocities.jp,Kory,Mullender,San Diego,CA,92132
fgallifontdv@chron.com,Dolley,Tolefree,Albuquerque,NM,87121
aupcottdw@paginegialle.it,Freeland,Cushe,Hartford,CT,6105
chaldendx@about.me,Angelina,Bircher,Kansas City,MO,64109
istanmandy@senate.gov,Nicko,Massel,Washington,DC,20010
apaydondz@discuz.net,Randell,Dods,Gainesville,FL,32627
mbenjafielde0@independent.co.uk,Evelyn,MacAnelley,Fairfield,CT,6825
fmoxsteade1@istockphoto.com,Nerte,Filipowicz,Pittsburgh,PA,15261
daikette2@adobe.com,Goldarina,Mouatt,Boston,MA,2283
nsygrovee@@auda.org.au,Giselle,Roon,New Haven,CT,6533
rshildricke4@jalbum.net,Celesta,Sebborn,Fort Wayne,IN,46805
ecardozoe5@lulu.com,Val,Bonallack,Memphis,TN,38136
blagnee6@jimdo.com,Lauralee,Seally,Albany,NY,12247
wfrantseve7@digg.com,James,Matthewes,Corpus Christi,TX,78475
clemerchante8@exblog.jp,Hilliary,Jerrard,Erie,PA,16534
bregie9@taobao.com,Shelagh,Weir,Houston,TX,77050
ayellowleaea@amazonaws.com,Mariette,Bwye,Charlotte,NC,28235
hjiruseb@fc2.com,Tamar,Konert,Wichita,KS,67220
dgreenhoweec@about.me,Krista,Thurlbeck,Henderson,NV,89012
lfeaksed@blogtalkradio.com,Lilyan,Bransom,Pomona,CA,91797
tattreedee@hubpages.com,Pascal,Ullyatt,Washington,DC,20551
frylettef@nsw.gov.au,Franchot,Currell,Miami,FL,33180
cdurningeg@apple.com,Brucie,Hartzogs,Denton,TX,76205
bfernleyeh@qq.com,Elmira,Ygo,Evansville,IN,47732
afairpoolei@gnu.org,Grissel,Dedon,Philadelphia,PA,19125
nmacconnellej@geocities.jp,Randene,Petren,Lubbock,TX,79452
osheaek@meetup.com,Morly,Setterfield,Houston,TX,77245
asymsonel@hexun.com,Willi,Kopman,Lawrenceville,GA,30245
ssmallesem@about.me,Kat,Kearn,Raleigh,NC,27615
cholleworthen@blinklist.com,Zonnya,Leney,Los Angeles,CA,90045
awindresseo@shareasale.com,Eugene,Baumann,Jackson,MS,39296
rhairesnapeep@salon.com,Audy,Wintle,Bakersfield,CA,93399
mrickereq@mozilla.com,Bruno,Skellorne,Rochester,NY,14604
lnestleer@meetup.com,Shanon,Hoyes,Rochester,NY,14604
maugures@salon.com,Legra,Akers,Brooklyn,NY,11210
bmatejicet@ucla.edu,Rosanne,Mackett,Philadelphia,PA,19160
cwernhameu@psu.edu,Rorke,Stitt,Los Angeles,CA,90087
wglassonev@seattletimes.com,Smith,Dunnett,Flint,MI,48505
bjinaew@google.co.jp,Kelly,Olexa,Iowa City,IA,52245
bgeraultex@cdc.gov,Emlynne,Waldren,Reno,NV,89519
dsaiensey@taobao.com,Wilona,Goligly,Atlanta,GA,30351
gkuschelez@google.com.hk,Dacia,Skyme,Dallas,TX,75323
lcollinettef0@nytimes.com,Teddie,Buten,Lakewood,WA,98498
hkelshawf1@delicious.com,Shelden,Clearley,Madison,WI,53726
aikringillf2@irs.gov,Haleigh,Colliver,Oakland,CA,94605
gtrevorrowf@@google.com,Bette,Daveren,Topeka,KS,66606
fgregoracef4@wikispaces.com,Stephana,Dyment,Missoula,MT,59806
lknowlmanf5@hostgator.com,Lizbeth,Silverston,Missoula,MT,59806
pcaldowf6@uiuc.edu,Consuelo,Borsay,San Diego,CA,92191
jmeacherf7@dot.gov,Sibby,Wallis,Washington,DC,20067
lmatityahuf8@com.com,Talbert,Berkley,Pittsburgh,PA,15279
lnorreyf9@goodreads.com,Noel,Harse,Phoenix,AZ,85099
cmebsfa@ifeng.com,Jo-ann,Pattingson,Hampton,VA,23668
kdyettfb@canalblog.com,Arlyn,Loadsman,Philadelphia,PA,19178
oklimentyonokfc@berkeley.edu,Lissi,Summerson,Phoenix,AZ,85062
mlabbetfd@amazon.co.uk,Merrile,Golsworthy,San Jose,CA,95160
bblarefe@fema.gov,Alida,Lambrechts,Salinas,CA,93907
jbankff@nsw.gov.au,Ashlee,Gircke,Shawnee Mission,KS,66286
grollerfg@ca.gov,Caril,Kobiela,West Palm Beach,FL,33411
mchalfontfh@rambler.ru,Brandy,Tocque,Canton,OH,44710
jslanefi@free.fr,Simmonds,Twoohy,New Orleans,LA,70179
mmoormanfj@tiny.cc,Lura,Coathup,Los Angeles,CA,90005
fjansafk@wordpress.com,Carie,Tubritt,Boca Raton,FL,33432
sconfordfl@nydailynews.com,Oliy,Bonallick,Oklahoma City,OK,73119
ncainesfm@gravatar.com,Gawain,Aaronsohn,Denver,CO,80223
mburgwynfn@answers.com,Samaria,Carver,Boston,MA,2208
jlerganfo@issuu.com,Abagael,Crucitti,Stockton,CA,95205
mashmentfp@phpbb.com,Cassie,Chandler,Sacramento,CA,94250
brubenfeldfq@twitpic.com,Loretta,Champ,Newark,NJ,7104
jziemeckifr@mtv.com,Frasier,Naulls,Albuquerque,NM,87115
mmcbayfs@gravatar.com,Lacy,Macken,Duluth,MN,55805
acorbynft@cisco.com,Michele,Grinyakin,Jackson,MS,39296
gdythamfu@a8.net,Emyle,Bridgnell,Boise,ID,83727
kbrackstonefv@clickbank.net,Irving,Mayfield,Columbia,MO,65211
aneashamfw@yellowpages.com,Donna,Turbefield,Wichita,KS,67230
dtrumanfx@vk.com,Inez,Stockley,Atlanta,GA,30343
lthebeaufy@bloglines.com,Vi,McKie,Baton Rouge,LA,70815
aeburnefz@aboutads.info,Standford,O'Shea,Dallas,TX,75241
jbettyg0@hostgator.com,Jerry,Davydoch,Charleston,SC,29411
ktebbitg1@@60.cn,Sindee,Ducker,Dallas,TX,75342
lfigureg2@zdnet.com,Hew,Payton,Warren,MI,48092
vcraighallg@@china.com.cn,Frank,Sieb,El Paso,TX,79934
sorrg4@tamu.edu,Valentin,Sennett,Jacksonville,FL,32220
pkeyworthg5@apache.org,Zacharie,Erik,Spartanburg,SC,29305
rbartheletg6@umich.edu,Odelle,Colebrook,Sacramento,CA,95838
ihaddintong7@hatena.ne.jp,Dulcinea,Askwith,Arlington,VA,22244
bverrechiag8@gov.uk,Andonis,Prew,Columbus,MS,39705
abalsdoneg9@goodreads.com,Jessica,Chastagnier,Springfield,IL,62764
kbabinskiga@mozilla.org,Kaitlyn,Haggie,Philadelphia,PA,19120
cronaldgb@microsoft.com,Auguste,Capstick,San Antonio,TX,78278
mredfernegc@ed.gov,Quinta,Minter,Mobile,AL,36605
dgadesbygd@hexun.com,Joby,Benedek,Lincoln,NE,68524
wkayge@wisc.edu,Townie,Woller,Nashville,TN,37250
spawlatagf@gmpg.org,Warren,Jutson,Gatesville,TX,76598
cscotchbrookgg@reuters.com,Krissie,Bytheway,Raleigh,NC,27658
bchurchillgh@mashable.com,Gilligan,Wellwood,Lubbock,TX,79452
mtotterdellgi@cmu.edu,Cointon,Mawd,Tulsa,OK,74156
hstrittongj@amazonaws.com,Ryun,Rissom,Boca Raton,FL,33432
gnixgk@marketwatch.com,Keene,Crossan,Richmond,VA,23203
ksherwingl@upenn.edu,Imogen,MacLaverty,Cleveland,OH,44111
tklouzgm@google.co.uk,Arty,Karlsen,Houston,TX,77070
azywickign@etsy.com,Guido,Scotter,Spartanburg,SC,29305
msturrockgo@go.com,Sybil,Jentle,Wichita Falls,TX,76310
bsparwellgp@yolasite.com,Nat,Ludwig,San Antonio,TX,78296
rmaccrawgq@mlb.com,Dorelia,Hemphall,New Orleans,LA,70187
hdouberdaygr@msu.edu,Bail,Lathbury,Roanoke,VA,24020
clembkegs@google.co.jp,Clim,Hallyburton,Charlotte,NC,28205
fbarnbrookgt@columbia.edu,Lambert,Nestor,Raleigh,NC,27658
rtregennagu@marriott.com,Rozalie,Lighterness,Topeka,KS,66606
gbridsongv@flickr.com,Pennie,Thynne,Jacksonville,FL,32277
mshillakergw@mashable.com,Mozelle,DeSousa,Saint Petersburg,FL,33737
mraistrickgx@slideshare.net,Cecil,Oxbe,Honolulu,HI,96805
obrenstongy@yellowbook.com,Ivory,Tuting,Cincinnati,OH,45228
syurchenkogz@sbwire.com,Chiarra,Baddeley,Stockton,CA,95210
jmorroweh0@hexun.com,Maddalena,Hare,Houston,TX,77035
jaickenh1@cyberchimps.com,Raffarty,Spilsburie,Arlington,VA,22205
bgogganh2@imageshack.us,Robyn,Libbis,Gainesville,FL,32605
bjimesh@@wikimedia.org,Marsh,Sanchiz,Kansas City,MO,64160
cgorgesh4@examiner.com,Carly,Crowden,Wichita Falls,TX,76310
acornerh5@boston.com,Dina,Lavarack,New Orleans,LA,70165
agoldneyh6@spotify.com,Zeke,Churchley,Birmingham,AL,35205
lshineh7@trellian.com,Emory,Killshaw,Chattanooga,TN,37416
dmoath8@github.com,Durand,Pigram,Fort Worth,TX,76110
ktrimbyh9@51.la,Pierrette,Cottham,Phoenix,AZ,85053
clinbohmha@studiopress.com,Axel,Barszczewski,Huntsville,TX,77343
dsimisterhb@cmu.edu,Xymenes,Langer,El Paso,TX,79994
cpeaddiehc@cbslocal.com,Nertie,Farfoot,Tallahassee,FL,32309
cgarmanhd@wix.com,Kitti,Tuffrey,Portland,OR,97240
cvelarealhe@go.com,Em,Faiers,Daytona Beach,FL,32123
cfinchamhf@ebay.co.uk,Pedro,Beacock,San Antonio,TX,78285
lburlinghg@prweb.com,Kaylyn,Sporner,Los Angeles,CA,90055
ccristobalhh@geocities.jp,Gregor,Jacombs,Raleigh,NC,27635
dvedyasovhi@va.gov,Dolli,Rainbow,Rochester,MN,55905
plevyhj@prlog.org,Merv,Toland,Phoenix,AZ,85010
pbarffordhk@wordpress.org,Homer,Grivori,Minneapolis,MN,55417
avanderkruyshl@soundcloud.com,Grayce,Guyan,Saint Paul,MN,55166
ahazeldinehm@example.com,Brooke,Peete,Worcester,MA,1654
msussemshn@bing.com,Siana,Puddefoot,Fort Myers,FL,33913
dgallacherho@nps.gov,Klement,Pattullo,Trenton,NJ,8608
aivanyukovhp@netscape.com,Johanna,Neely,Washington,DC,20036
rraspisonhq@ycombinator.com,Chadd,Hofer,Arlington,VA,22234
rteulierhr@12@-reg.co.uk,Rayner,Spink,Portland,OR,97286
fornilshs@php.net,Dolley,Dikle,Shawnee Mission,KS,66215
rdibbleht@geocities.com,Cy,Cleaves,Muskegon,MI,49444
ccowoppehu@ebay.co.uk,Leighton,Danilowicz,Erie,PA,16550
sgashhv@freewebs.com,Thorsten,Polini,Tampa,FL,33605
nwetterhw@whitehouse.gov,Bennie,Ackland,Tucson,AZ,85743
gmonkleyhx@cmu.edu,Yolanda,McGavin,Springfield,IL,62776
gmcmichaelhy@craigslist.org,Gabriellia,Balfe,San Diego,CA,92160
tjuryhz@guardian.co.uk,Jodie,Augar,Saint Paul,MN,55103
acranstonei0@bizjournals.com,Galen,Talloe,Lake Worth,FL,33462
dcarli1@imdb.com,Shaun,Rake,Houston,TX,77070
ecaruthi2@multiply.com,Nealy,Benner,Decatur,GA,30033
tdyasi@@oracle.com,Cora,Wyndham,Reading,PA,19610
rcluniei4@mashable.com,Tiena,Davidovic,Pueblo,CO,81005
bblesti5@t-online.de,Rozalie,Laffan,San Francisco,CA,94121
gyandelli6@hc@60.com,Verge,Leggon,Fresno,CA,93773
nsothami7@dailymail.co.uk,Isiahi,Ovitz,Trenton,NJ,8619
tsolowayi8@globo.com,Ellwood,Pues,Syracuse,NY,13217
vbasnetti9@patch.com,Melloney,Zanassi,Fort Smith,AR,72916
acameronia@canalblog.com,Chicky,Pipes,Northridge,CA,91328
gwhithalghib@de.vu,Ange,Emmert,Omaha,NE,68124
arickmanic@cpanel.net,Mahmud,Ilchuk,Santa Barbara,CA,93106
hcampanaid@google.com.hk,Celine,Ghione,El Paso,TX,79916
cwenhamie@ehow.com,Nowell,Jeenes,Long Beach,CA,90831
bkleesif@cmu.edu,Jeffy,McTeer,Los Angeles,CA,90060
dtudballig@geocities.jp,Moishe,Beeden,Memphis,TN,38126
dtoursih@sakura.ne.jp,Christean,Gouldstone,Nashville,TN,37250
ssoppittii@usa.gov,Sauncho,Meale,Carol Stream,IL,60351
jgilfoyleij@nba.com,Hobey,Delleschi,Fort Lauderdale,FL,33345
syakubowiczik@oracle.com,Neala,Sperry,Danbury,CT,6816
rgiannazzoil@qq.com,Costa,Duignan,Melbourne,FL,32919
rpinaim@godaddy.com,Napoleon,Karel,Montgomery,AL,36109
nallrightin@issuu.com,Charin,Core,Durham,NC,27705
churdisio@soundcloud.com,Penrod,Velareal,Burbank,CA,91505
kogavinip@army.mil,Oby,Tixall,Las Vegas,NV,89160
dabbotiq@alibaba.com,Jamil,Sprigin,Fort Lauderdale,FL,33325
rmoensir@mashable.com,Mathe,Camplejohn,Stamford,CT,6905
jweekeis@indiegogo.com,Granville,Aizkovitch,Saint Petersburg,FL,33737
vwibrowit@woothemes.com,Randall,Embery,Grand Rapids,MI,49544
fwickensiu@marketwatch.com,Hunter,Luther,Torrance,CA,90505
rmozziiv@economist.com,Pace,Iban,Richmond,VA,23242
obrandtsiw@dion.ne.jp,Jonell,MacPake,Cheyenne,WY,82007
mhussetix@seesaa.net,Mignonne,Denford,Henderson,NV,89074
wsloraiy@wikimedia.org,Jerrine,Hindmoor,Memphis,TN,38150
rdiggiz@multiply.com,Valdemar,Aimson,Reston,VA,22096
prumboldj0@t.co,Hendrika,Portress,Oakland,CA,94627
wduhamelj1@google.co.uk,Alyosha,Maxfield,Houston,TX,77228
ehollerinj2@fotki.com,Kylila,Webling,San Jose,CA,95173
cthundersj@@bigcartel.com,Hollis,Stutt,Jacksonville,FL,32209
cfishleej4@prweb.com,Trenna,Cubbin,Greensboro,NC,27404
clyptradej5@reuters.com,Leesa,Bernat,Oceanside,CA,92056
mpannerj6@nytimes.com,Giorgio,Wesley,Newark,NJ,7104
wgrimsteadj7@qq.com,Stephani,Hattam,Orange,CA,92867
chanlinj8@ebay.co.uk,Carver,Lamey,Pompano Beach,FL,33069
chardacrej9@who.int,Vida,Lonnon,Washington,DC,20299
dspiraja@barnesandnoble.com,Ailey,Seadon,Charlottesville,VA,22903
dkettoejb@washingtonpost.com,Michaeline,Jancso,Jacksonville,FL,32230
capthorpejc@wufoo.com,Fan,Larmouth,Whittier,CA,90605
criordanjd@usgs.gov,Efren,Gill,Evanston,IL,60208
bpaulilloje@addtoany.com,Issi,Pineaux,Louisville,KY,40250
mdumpletonjf@nba.com,Tedi,Nicolls,Nashville,TN,37228
cslorancejg@webs.com,Sean,Iacovielli,Arlington,TX,76004
wsehorschjh@wiley.com,Neysa,Cotterrill,Jacksonville,FL,32230
lorumji@istockphoto.com,Benedicto,Momford,Sioux Falls,SD,57198
cchuneyjj@businessweek.com,Andeee,Forrest,Fort Lauderdale,FL,33320
ssambidgejk@reference.com,Beatrisa,McCrohon,Beaufort,SC,29905
daristidejl@gmpg.org,Rosetta,Wodham,Fresno,CA,93709
bjennisonjm@vkontakte.ru,Lauree,Rapkins,Tucson,AZ,85732
acharsleyjn@ovh.net,Mariana,Khomishin,Cambridge,MA,2142
nmattiaccijo@e-recht24.de,Becky,Woodington,Charleston,SC,29411
btomasinijp@elpais.com,Dulcine,Raddon,White Plains,NY,10633
ifrangionejq@creativecommons.org,Catrina,Levitt,Springfield,MO,65810
mtrenemanjr@multiply.com,Lotti,Aynold,Reading,PA,19610
vjohnkejs@harvard.edu,Erik,Ernke,Louisville,KY,40220
amarcusjt@tamu.edu,Antin,Wethered,New York City,NY,10175
rlehrerju@usatoday.com,Trudie,Newland,New Orleans,LA,70142
yfulopjv@prnewswire.com,Nap,Brave,Panama City,FL,32405
hbriteejw@facebook.com,Daryn,Gooddie,Humble,TX,77346
fpinardjx@ehow.com,Esdras,Struis,Minneapolis,MN,55470
mrimerjy@bing.com,Beitris,Timperley,Las Vegas,NV,89150
gwinkettjz@ehow.com,Vilhelmina,Egdell,Brooklyn,NY,11215
bchampneysk0@4shared.com,Casie,Ebden,Austin,TX,78710
hcreswellk1@cisco.com,Sandy,Dust,Lawrenceville,GA,30045
ewaggettk2@12@-reg.co.uk,Ruthie,Esherwood,Pittsburgh,PA,15266
dedmottk@@who.int,Toddy,Breens,El Paso,TX,79950
tmatousk4@ifeng.com,Rora,Jaouen,Fairfax,VA,22036
cderhamk5@gov.uk,Calla,Stiegar,Largo,FL,34643
kseawellk6@arizona.edu,Pearl,Brack,Boulder,CO,80328
ecastagnarok7@berkeley.edu,Arlana,Abade,Bloomington,IL,61709
smessierk8@yolasite.com,Murdock,Godman,San Antonio,TX,78250
peschellek9@columbia.edu,Reggy,Deam,Newton,MA,2458
gbeaneyka@npr.org,Karola,Vannoort,Richmond,VA,23213
abrycesonkb@dagondesign.com,Antonetta,Simpkin,Colorado Springs,CO,80940
lmackiewiczkc@liveinternet.ru,Laurie,Donkersley,Boise,ID,83716
haverykd@discuz.net,Cyril,Rosenstiel,Kansas City,MO,64149
alemaryke@imageshack.us,Jannelle,Diggell,Albany,NY,12205
soxbekf@devhub.com,Solomon,Shore,East Saint Louis,IL,62205
ldelafeldkg@eventbrite.com,Barth,Bulloch,Buffalo,NY,14225
cdaoutkh@deviantart.com,Andras,Braidman,New Brunswick,NJ,8922
vfairebrotherki@eepurl.com,Danie,Dalrymple,Scottsdale,AZ,85255
asandaykj@google.ca,Findley,Monshall,Fresno,CA,93778
ilemoirkk@unc.edu,Damon,Chinnick,Boston,MA,2114
rdorsettkl@gizmodo.com,Sherilyn,Margaret,Young America,MN,55564
ocostykm@so-net.ne.jp,Willamina,Jenkerson,Seattle,WA,98104
kgoulbornkn@abc.net.au,Rochelle,Sowood,El Paso,TX,79950
jdudhillko@nature.com,Carmine,Bernade,Springfield,IL,62794
trusbridgekp@rakuten.co.jp,Karina,Moberley,Jamaica,NY,11470
sbecariskq@geocities.jp,Ruthe,Jakes,Norfolk,VA,23509
tcorringtonkr@canalblog.com,Bobina,Elgey,Washington,DC,20231
gthairsks@purevolume.com,Thorndike,Loudian,New York City,NY,10260
dlaukskt@samsung.com,Clem,Blacksell,Stockton,CA,95210
lmccartyku@diigo.com,Datha,Cheek,Manchester,NH,3105
ladanezkv@angelfire.com,Amos,Kynforth,El Paso,TX,79968
mmurrkw@nhs.uk,Veronika,Peers,Fort Wayne,IN,46814
gvedenyakinkx@amazon.co.jp,Ambrosio,Arnaldo,Los Angeles,CA,90015
egergeky@hud.gov,Gail,Balhatchet,Vancouver,WA,98682
sclemmeykz@bluehost.com,Renate,Drewry,Washington,DC,20551
sdenkinl0@wp.com,Anjanette,Dawkes,Worcester,MA,1654
pfullardl1@dion.ne.jp,Miles,Farrar,Saint Louis,MO,63110
jcleevel2@mayoclinic.com,Roley,Bartod,Van Nuys,CA,91499
ltettleyl@@aboutads.info,Charlotte,Livick,Inglewood,CA,90398
aschulerl4@salon.com,Nelia,Duthy,Jefferson City,MO,65110
btorricinal5@cdbaby.com,Winn,Garm,Knoxville,TN,37931
cconnopl6@facebook.com,Zacherie,Klimshuk,Pocatello,ID,83206
mminihanl7@bing.com,Galvin,Swanne,Springfield,MA,1114
dtodl8@aboutads.info,Kally,Scriven,Jersey City,NJ,7305
ifrimanl9@a8.net,Meagan,Pessold,Shawnee Mission,KS,66205
scostala@dmoz.org,Rees,Kiss,New York City,NY,10150
kmolineauxlb@patch.com,Elmore,Master,Detroit,MI,48224
kdrakardlc@sitemeter.com,Doug,Perigo,Fort Lauderdale,FL,33345
thookeld@nba.com,Manfred,Kilpatrick,Vancouver,WA,98664
lstanggjertsenle@hugedomains.com,Bobbette,Moors,Atlanta,GA,30351
alenoirlf@imdb.com,Irita,Seabrook,Washington,DC,20380
tcastanolg@unblog.fr,Jeramey,Andreassen,Laurel,MD,20709
bparkeslh@wunderground.com,Noreen,O'Reilly,Fort Wayne,IN,46862
cbewlayli@instagram.com,Ezmeralda,Parncutt,Amarillo,TX,79165
hhowelj@geocities.com,Kennett,Veltmann,Memphis,TN,38131
oroalfelk@ebay.com,Mohandis,Alwen,Lakeland,FL,33805
mjoontjesll@livejournal.com,Goldia,Josipovic,New York City,NY,10105
ibarltroplm@twitter.com,Raff,Saintsbury,Orlando,FL,32830
jspaducciln@technorati.com,Stanton,Batstone,Richmond,VA,23260
mbanklo@sitemeter.com,Dennet,Sonier,San Antonio,TX,78285
nandreixlp@reverbnation.com,Margarethe,Burrel,Huntington,WV,25711
pbaumlerlq@narod.ru,Darcie,Brydone,San Jose,CA,95123
wantonuttilr@instagram.com,Amy,Cesconi,Loretto,MN,55598
callcornls@ft.com,Nedda,Cartan,Tuscaloosa,AL,35405
tmundeelt@shinystat.com,Reube,Feuell,Charleston,SC,29416
hsilversonlu@uol.com.br,Ros,Bellworthy,Fresno,CA,93721
hleinweberlv@nps.gov,Denver,Dank,Hartford,CT,6160
agellandlw@google.co.uk,Lexy,Tweede,Atlanta,GA,30340
rchartelx@phpbb.com,Celie,Caplis,Lexington,KY,40515
erosevearely@nationalgeographic.com,Cate,Surridge,Philadelphia,PA,19184
dsandeylz@myspace.com,Barton,Ishaki,Nashville,TN,37228
mrojelm0@amazon.com,Chastity,Cordner,Washington,DC,20260
lhallenm1@ebay.co.uk,Anatollo,Frede,Olympia,WA,98516
rfindlaterm2@last.fm,Olympie,Hubane,Dallas,TX,75236
dgruszeckim@@ucoz.ru,Gillian,Seignior,San Antonio,TX,78210
dhabornm4@wikispaces.com,Noni,Ivashnyov,Dallas,TX,75210
iblankenshipm5@edublogs.org,Chicky,Greystoke,Tuscaloosa,AL,35487
mghilksm6@nba.com,Rudolph,Dairton,Tulsa,OK,74156
abembridgem7@sfgate.com,Cacilie,Yegorov,Anaheim,CA,92805
wbendonm8@google.com.hk,Feodor,Smart,Shawnee Mission,KS,66276
gbrumptonm9@seesaa.net,Carson,O'Garmen,Saint Louis,MO,63143
rverbrugghenma@ocn.ne.jp,Kelsey,Howell,Huntington Beach,CA,92648
lmattammb@myspace.com,Merle,Faye,Visalia,CA,93291
rformillimc@ifeng.com,Winifred,McCreery,Lexington,KY,40515
tghiroldimd@amazon.co.jp,Gayel,Rollingson,West Palm Beach,FL,33416
cenderwickme@reverbnation.com,Floris,Golding,Cleveland,OH,44197
jpesslermf@foxnews.com,Neda,Airton,Lexington,KY,40576
cstroddermg@loc.gov,Billy,Jaskiewicz,Baton Rouge,LA,70836
hvalentemh@etsy.com,Wilone,Tenant,Denver,CO,80217
klankhammi@archive.org,Gris,Raimbauld,Pompano Beach,FL,33069
vchristoffemj@jigsy.com,Glenda,Chadwyck,Topeka,KS,66667
cthoresbiemk@shinystat.com,Lincoln,Trimby,Cincinnati,OH,45233
sswansburyml@devhub.com,Lorenzo,Colleton,Littleton,CO,80161
gjimesmm@indiegogo.com,Hadria,Grancher,Charlotte,NC,28299
wwhilesmn@reference.com,Purcell,Boays,Oxnard,CA,93034
ewolvermo@utexas.edu,Myca,Gaynor,Rochester,NY,14683
qkingsnodmp@usgs.gov,Jerrie,Tebbitt,Atlanta,GA,30368
rpitonemq@bluehost.com,Hilary,Capel,Birmingham,AL,35285
efriedenbachmr@linkedin.com,Emalia,Prettyman,Lake Charles,LA,70607
acarstairsms@businesswire.com,Harri,Truitt,Minneapolis,MN,55448
slaverickmt@mysql.com,Elliott,Thorsen,Richmond,VA,23225
khuttenmu@nhs.uk,Matthaeus,Lanston,Olympia,WA,98506
oscammondenmv@artisteer.com,Clemmie,Reddin,Tulsa,OK,74116
bselleymw@cbc.ca,Joletta,Kirkman,Phoenix,AZ,85072
doheffernanmx@desdev.cn,Sarina,Benting,Chicago,IL,60624
mwrattenmy@imageshack.us,Marti,Vallow,Los Angeles,CA,90040
wcrosonmz@cnn.com,Moss,Chinery,Amarillo,TX,79105
rcarrettn0@theguardian.com,Clemmie,Gonin,Fort Worth,TX,76192
dquerneln1@archive.org,Cordula,Sabates,Oklahoma City,OK,73179
gbuttnern2@lulu.com,Sylvester,Linsey,Bryan,TX,77806
cfreddin@@yelp.com,Hailee,Tuson,Dayton,OH,45419
abothan4@cafepress.com,Bradly,Cardillo,Grand Rapids,MI,49518
tfidellin5@cbc.ca,Tremain,Cressingham,Anchorage,AK,99512
kmccroryn6@stumbleupon.com,Mellisa,Eberdt,Fresno,CA,93778
croylen7@fema.gov,Linn,de Banke,Morgantown,WV,26505
cdecheletten8@mediafire.com,Hadrian,Colclough,Philadelphia,PA,19131
ttunnicliffn9@tamu.edu,Broderick,D'Cruze,Bethesda,MD,20892
smacgounna@twitter.com,Pauletta,Poluzzi,Pittsburgh,PA,15210
cpeppardnb@shop-pro.jp,Ola,Zannetti,Oklahoma City,OK,73167
cgadsdonnc@ow.ly,Carr,Stive,Colorado Springs,CO,80920
pcosleynd@gov.uk,Ivy,Gynn,Atlanta,GA,30301
rdundridgene@behance.net,Kissiah,Marciskewski,Santa Fe,NM,87505
crainsdonnf@google.ru,Rianon,Strelitz,Memphis,TN,38197
kplaideng@japanpost.jp,Chrisse,Trahair,Huntington,WV,25705
dmatveyevnh@gizmodo.com,Chick,Calverd,Raleigh,NC,27635
ldelacourtni@youku.com,Darcey,Keeping,Philadelphia,PA,19115
tmorelandnj@ustream.tv,Meta,Marmion,Houston,TX,77276
gfranciskiewicznk@macromedia.com,Aile,Blissett,San Bernardino,CA,92410
tburnyeatnl@last.fm,Rois,Dinzey,Troy,MI,48098
wzannelinm@epa.gov,Prudi,Fransoni,Lexington,KY,40510
awilbudnn@photobucket.com,Rasla,Busfield,Denver,CO,80228
mmidsonno@naver.com,Terrence,Botten,Saint Petersburg,FL,33737
ewarnernp@dell.com,Caesar,Lahiff,Anderson,SC,29625
ptreanornq@cornell.edu,Dehlia,Hutcheon,Amarillo,TX,79159
laxfordnr@elegantthemes.com,Milty,Bortolotti,Sacramento,CA,94291
sfeaseyns@state.tx.us,Leandra,Guidi,Columbus,OH,43240
hcowchant@friendfeed.com,Kearney,Lasslett,Sunnyvale,CA,94089
rholliarnu@yelp.com,Carroll,Caswill,El Paso,TX,79916
nfortinnv@wisc.edu,Giulietta,Deuss,New York City,NY,10260
etweedenw@photobucket.com,Amby,Cheeke,Fargo,ND,58106
tcamoysnx@nasa.gov,Claiborn,Adaway,Minneapolis,MN,55441
bmackilpatrickny@sphinn.com,Max,Caldron,Arvada,CO,80005
ppaalnz@sbwire.com,Wheeler,Brixey,San Diego,CA,92115
ssadgroveo0@google.com.br,Alene,Jozaitis,Santa Barbara,CA,93111
atonneseno1@google.fr,Crawford,Baldi,Staten Island,NY,10305
mprino2@sohu.com,Kev,Jollye,Lansing,MI,48956
bstedmondo@@nyu.edu,Cornall,Glascott,South Bend,IN,46634
kjoannico4@mac.com,Liam,Birds,Denver,CO,80249
mstrodero5@deviantart.com,Hymie,Piperley,Jacksonville,FL,32209
tdallindero6@spotify.com,Leo,McGiff,Newark,NJ,7112
gchaffero7@hud.gov,Frazier,Spratling,Washington,DC,20057
owigfieldo8@aboutads.info,Allard,Hradsky,Mobile,AL,36622
btomso9@wordpress.org,Alva,Durnall,Mesa,AZ,85210
rnelliesoa@newyorker.com,Lorette,De Benedetti,New Haven,CT,6533
lladewigob@wisc.edu,Bertie,Skinley,Washington,DC,20580
pcafeoc@spiegel.de,Ado,Dymick,Loretto,MN,55598
drhymerod@printfriendly.com,Jory,Leggon,Saint Petersburg,FL,33731
bguidonioe@nyu.edu,Kissee,Szymonwicz,Denver,CO,80262
mhoulahanof@live.com,Saloma,Domesday,Kansas City,MO,64114
bpattersonog@reference.com,Cristi,Yeabsley,Saginaw,MI,48609
ngrevileoh@netscape.com,Burt,Clemmow,Grand Forks,ND,58207
swalewiczoi@biglobe.ne.jp,Dreddy,Steely,Oklahoma City,OK,73190
wbusswelloj@illinois.edu,Millard,MacAllaster,Oklahoma City,OK,73114
jbassindaleok@state.tx.us,Skell,Brenneke,West Palm Beach,FL,33416
vsextenol@cpanel.net,Ofelia,Franies,Columbus,GA,31904
ccranhamom@google.ru,Malvin,Cliffe,Dayton,OH,45490
ecramphornon@ameblo.jp,Hinda,Conlon,New Orleans,LA,70187
ekraussoo@java.com,Ive,Walewski,Amarillo,TX,79116
nbrimacombeop@creativecommons.org,Culley,Tythe,New York City,NY,10039
mwigglesworthoq@pen.io,Cornie,Mewburn,Norfolk,VA,23514
kdebrettor@ox.ac.uk,Oliy,Durbann,Minneapolis,MN,55458
bmcgeadyos@uol.com.br,Gilberte,Pilipets,Washington,DC,20530
sscannellot@infoseek.co.jp,Meredeth,Littley,Shreveport,LA,71161
djollandsou@omniture.com,Pasquale,Rand,Philadelphia,PA,19151
cgaskoinov@virginia.edu,Christel,Redpath,Austin,TX,78764
alehrmannow@usa.gov,Lila,Syplus,Topeka,KS,66667
dbudnkox@goodreads.com,Rick,Achurch,Vancouver,WA,98664
sflockhartoy@ebay.com,Hercules,Davenport,Brockton,MA,2405
gcuniffeoz@github.com,Kyla,Smogur,Lake Charles,LA,70607
hlownesp0@t.co,Tera,Bignall,Bronx,NY,10464
ajurczykp1@t-online.de,Trev,Ruddin,Charleston,WV,25331
lklampkp2@discovery.com,Preston,Stickford,Richmond,VA,23237
ewinhamp@@mozilla.com,Klement,Renfield,Sparks,NV,89436
tmoncreiffep4@themeforest.net,Joellen,Leversha,El Paso,TX,79911
awrackp5@nydailynews.com,Karolina,Goldin,New York City,NY,10014
spachep6@1und1.de,Vania,Jell,Buffalo,NY,14233
tcuttelarp7@state.tx.us,Luce,Toms,London,KY,40745
gcysonp8@uol.com.br,Vaughn,Haine,Houston,TX,77035
lschulterp9@theglobeandmail.com,Vernor,Riggs,Erie,PA,16550
jkitchasidepa@aboutads.info,Renault,O'Hagerty,Phoenix,AZ,85083
bsappellpb@w@.org,Lorens,Heino,Orlando,FL,32825
eaguirrepc@nsw.gov.au,Neall,Stoltz,Phoenix,AZ,85083
sblakeneypd@ustream.tv,Darya,Laidel,Huntington,WV,25726
etrynorpe@g.co,Gaston,Lown,Washington,DC,20551
jfugglepf@eepurl.com,Concettina,Klyner,Tacoma,WA,98442
gtomsonpg@purevolume.com,Kath,Fanthom,Anderson,SC,29625
avennyph@admin.ch,Greta,Reisk,Philadelphia,PA,19136
egewerpi@tripod.com,Christiano,Scotchbourouge,Bradenton,FL,34205
tfranzolinipj@spotify.com,Arlena,Debow,Anaheim,CA,92805
thartridgepk@exblog.jp,Darbee,MacColl,San Jose,CA,95113
lgeistpl@earthlink.net,Erin,Boughey,Peoria,IL,61651
acattellpm@edublogs.org,Kaycee,Raysdale,Greensboro,NC,27404
hucchinopn@time.com,Jesselyn,Sottell,Roanoke,VA,24020
fconkaypo@paypal.com,Romeo,Farrent,Arlington,VA,22225
traulstonpp@ftc.gov,Ellyn,Traves,Arlington,VA,22217
pmanonpq@nydailynews.com,Grete,Lillegard,Cincinnati,OH,45999
hswadlenpr@paginegialle.it,Persis,Codrington,Portland,OR,97286
jlouderps@linkedin.com,Katina,Streat,Fresno,CA,93786
courrypt@parallels.com,Curcio,Martensen,Atlanta,GA,30356
tjarredpu@dedecms.com,Wainwright,Ramme,Akron,OH,44329
avaughanhughespv@google.cn,Abe,Snazel,Winston Salem,NC,27110
lrontreepw@goo.ne.jp,Geno,Tuffey,Saint Paul,MN,55123
mmcfaulpx@toplist.cz,Rodolph,Pitcaithley,Kansas City,MO,64193
cbiglinpy@vkontakte.ru,Jayson,Lamburne,Carson City,NV,89714
sbaynampz@unblog.fr,Hilary,McComb,Saint Louis,MO,63150
wthorq0@huffingtonpost.com,Jenny,Jeannot,El Paso,TX,88579
dleemanq1@squarespace.com,Olvan,Pasley,Cincinnati,OH,45238
mkuhnertq2@nytimes.com,Edee,Tofts,Salt Lake City,UT,84152
wbigleyq@@plala.or.jp,Susette,Bumphrey,Jersey City,NJ,7310
dfilanq4@hexun.com,Yard,Mair,Atlanta,GA,30323
equyeq5@theatlantic.com,Sandy,Kliemann,Olympia,WA,98506
jdegreyq6@youtu.be,Analise,Ullock,Washington,DC,20392
sstiellq7@imageshack.us,Gussie,Costard,Huntington,WV,25770
fdumphreyq8@tmall.com,Wenda,Caldairou,Bradenton,FL,34282
mleverq9@xing.com,Petronille,Libri,Whittier,CA,90610
czuteqa@ifeng.com,Diann,Biford,Boise,ID,83705
eolorenshawqb@netvibes.com,Tyler,O'Hickee,Saint Paul,MN,55108
nklimentyonokqc@theglobeandmail.com,Fabien,Terris,Nashville,TN,37228
cmacsporranqd@google.ru,Sigmund,Nutley,Houston,TX,77260
bjennoqe@taobao.com,Brittany,Harm,Naples,FL,34114
iberreyqf@psu.edu,Janet,Fuentez,Riverside,CA,92519
mchawnerqg@nsw.gov.au,Sharl,Le Frank,Las Vegas,NV,89145
amcilhattonqh@techcrunch.com,Gallagher,Drabble,Newton,MA,2162
blanfranchiqi@sciencedirect.com,Mickey,Tallquist,Los Angeles,CA,90030
bmollittqj@flavors.me,Haywood,Rosenblum,Austin,TX,78749
habellsqk@timesonline.co.uk,Zebulon,Wallbanks,Warren,MI,48092
lpapworthql@cbc.ca,Deane,Beresfore,Saint Paul,MN,55114
rdangerfieldqm@earthlink.net,Scot,Yatman,Albuquerque,NM,87110
agrottyqn@instagram.com,Roseann,Heap,Houston,TX,77055
ejehaesqo@dedecms.com,Winifred,Merioth,Saint Cloud,MN,56398
akeanqp@freewebs.com,Gian,Edison,Meridian,MS,39305
twoofqq@symantec.com,Carolin,Chadband,Newton,MA,2458
bcradocqr@newsvine.com,Fancy,Kelledy,Kansas City,MO,64199
barondelqs@e-recht24.de,Lyndy,Lewendon,York,PA,17405
kstureqt@squarespace.com,Jarib,Carlozzi,Rochester,NY,14646
dswatridgequ@bbc.co.uk,Glenda,Songer,Northridge,CA,91328
speresqv@cocolog-nifty.com,Brinn,Klaes,Bronx,NY,10459
agrigorqw@jiathis.com,Tierney,Kemitt,Milwaukee,WI,53215
mdoucetteqx@canalblog.com,Quinlan,MacBain,Eugene,OR,97405
tgoslandqy@upenn.edu,Kimberlee,Haimes,Inglewood,CA,90310
mtremolletqz@dailymail.co.uk,Wolfgang,Erridge,Saginaw,MI,48609
qdeamerr0@bravesites.com,Patsy,Giovanetti,Yonkers,NY,10705
cbirtsr1@senate.gov,Camilla,Robbert,Greenville,SC,29610
klysaghtr2@marriott.com,Charin,Preece,Littleton,CO,80127
tbrokenshawr@@angelfire.com,Malinda,Teece,Dayton,OH,45408
klovartr4@nasa.gov,Titus,Dulake,Memphis,TN,38131
wrasellesr5@jiathis.com,Elga,Torns,Staten Island,NY,10305
mhurrellr6@1und1.de,Rhonda,Scotsbrook,Spokane,WA,99260
ymanserr7@whitehouse.gov,Margalo,Gillinghams,Chandler,AZ,85246
irohlfsr8@woothemes.com,Shirl,Stears,Las Vegas,NV,89160
hgiler9@acquirethisname.com,Lion,Brookson,Jeffersonville,IN,47134
jlindstedtra@washingtonpost.com,Armstrong,Veldman,Bakersfield,CA,93305
jgabbitisrb@yale.edu,Nathalia,Horstead,Cleveland,OH,44177
arimesrc@twitpic.com,Eadie,Goman,New York City,NY,10120
jcrookshankrd@w@.org,Nahum,Pyecroft,Washington,DC,20238
dsimmigre@army.mil,Marcus,MacNamee,Corpus Christi,TX,78475
jamissrf@lycos.com,Eldon,Burberry,Boca Raton,FL,33432
astancerrg@shop-pro.jp,Eberto,Ryman,Montgomery,AL,36125
apickerillrh@earthlink.net,Lindsey,Stealfox,Los Angeles,CA,90071
lcoggenri@unicef.org,Oliver,Atwill,Orlando,FL,32859
nbraithwaiterj@intel.com,Donall,Gunson,Savannah,GA,31422
cyitzhakofrk@joomla.org,Fae,Conechie,Oklahoma City,OK,73109
nlongrl@slideshare.net,Harlan,Wannop,Bethlehem,PA,18018
dmcilvennarm@un.org,Sheffield,Faireclough,Lexington,KY,40510
rfolanrn@surveymonkey.com,Aubine,Jeary,Newport Beach,CA,92662
jhadwinro@macromedia.com,Vallie,Battershall,Roanoke,VA,24020
tesslemontrp@ning.com,Hoebart,Hruska,Tulsa,OK,74141
tsandwichrq@businessinsider.com,Clovis,Lewton,Roanoke,VA,24009
sbywatersrr@mlb.com,Dalenna,Arr,Miami,FL,33142
